date,strategy,cost_bps,gross_return,net_return,turnover,wealth,drawdown
2024-01-31,inverse_forecast_vol,0,0.10913213553803133,0.10913213553803125,0.9999999999999999,1.1091321355380312,0.0
2024-02-29,inverse_forecast_vol,0,0.09170612127391906,0.09170612127391897,0.04674260022413851,1.2108463416684827,0.0
2024-03-31,inverse_forecast_vol,0,0.01678366973628485,0.016783669736284867,0.02944177656440694,1.2311687867684353,0.0
2024-04-30,inverse_forecast_vol,0,0.11586520946808468,0.11586520946808476,0.08332075812450623,1.3738184161379279,0.0
2024-05-31,inverse_forecast_vol,0,0.035124680199417314,0.03512468019941739,0.009084121938453815,1.4220733486568427,0.0
2024-06-30,inverse_forecast_vol,0,0.008778013015224718,0.008778013015224628,0.23094344829343666,1.4345563270199564,0.0
2024-07-31,inverse_forecast_vol,0,-0.009591974393648044,-0.009591974393648006,0.07982328479687045,1.4207960994649351,-0.009591974393648117
2024-08-31,inverse_forecast_vol,0,-0.07249049629511735,-0.07249049629511739,0.03796409320559102,1.317801885080555,-0.08138714370451983
2024-09-30,inverse_forecast_vol,0,-4.7095556466852234e-05,-4.709555646686958e-05,0.12896386661248682,1.3177398224674641,-0.08143040628816467
2024-10-31,inverse_forecast_vol,0,-0.09716882456876666,-0.09716882456876663,0.12276636305396288,1.1896965928308454,-0.17068673399375323
2024-11-30,inverse_forecast_vol,0,0.1023148086643055,0.10231480866430553,0.08179335716198816,1.3114201720949095,-0.0858357058595538
2024-12-31,inverse_forecast_vol,0,0.024742044016243303,0.02474204401624336,0.07073883041381218,1.3438673877166711,-0.0632174126558529
2024-01-31,inverse_forecast_vol,10,0.10913213553803133,0.10802300340249316,0.9999999999999999,1.1080230034024932,0.0
2024-02-29,inverse_forecast_vol,10,0.09170612127391906,0.09165509209112987,0.04674260022413851,1.209578953818439,0.0
2024-03-31,inverse_forecast_vol,10,0.01678366973628485,0.016753733818666072,0.02944177656440694,1.2298439176433738,0.0
2024-04-30,inverse_forecast_vol,10,0.11586520946808468,0.11577223473286713,0.08332075812450623,1.3722256963615713,0.0
2024-05-31,inverse_forecast_vol,10,0.035124680199417314,0.03511527700060091,0.009084121938453815,1.4204117817966504,0.0
2024-06-30,inverse_forecast_vol,10,0.008778013015224718,0.008545042342336329,0.23094344829343666,1.4325492606156562,0.0
2024-07-31,inverse_forecast_vol,10,-0.009591974393648044,-0.009671032015541092,0.07982328479687045,1.4186950308524024,-0.009671032015541092
2024-08-31,inverse_forecast_vol,10,-0.07249049629511735,-0.07252570835236505,0.03796409320559102,1.3158031688038516,-0.08149534192048058
2024-09-30,inverse_forecast_vol,10,-4.7095556466852234e-05,-0.00017605334945436368,0.12896386661248682,1.315571517248761,-0.08165704774202498
2024-10-31,inverse_forecast_vol,10,-0.09716882456876666,-0.09727966186862602,0.12276636305396288,1.187593164886806,-0.1709931396171166
2024-11-30,inverse_forecast_vol,10,0.1023148086643055,0.1022246466354555,0.08179335716198816,1.3089944565140421,-0.08624820625610796
2024-12-31,inverse_forecast_vol,10,0.024742044016243303,0.024669554962573725,0.07073883041381218,1.3412867672047195,-0.06370635615819276
2024-01-31,inverse_forecast_vol,25,0.10913213553803133,0.10635930519918624,0.9999999999999999,1.1063593051991862,0.0
2024-02-29,inverse_forecast_vol,25,0.09170612127391906,0.09157854831694667,0.04674260022413851,1.2076780842862735,0.0
2024-03-31,inverse_forecast_vol,25,0.01678366973628485,0.01670882994223799,0.02944177656440694,1.2278569720215806,0.0
2024-04-30,inverse_forecast_vol,25,0.11586520946808468,0.11563277263004057,0.08332075812450623,1.3698374780895621,0.0
2024-05-31,inverse_forecast_vol,25,0.035124680199417314,0.03510117220237641,0.009084121938453815,1.4179203792972528,0.0
2024-06-30,inverse_forecast_vol,25,0.008778013015224718,0.00819558633300388,0.23094344829343666,1.429541068179109,0.0
2024-07-31,inverse_forecast_vol,25,-0.009591974393648044,-0.009789618448380666,0.07982328479687045,1.415546406565345,-0.009789618448380666
2024-08-31,inverse_forecast_vol,25,-0.07249049629511735,-0.0725785264382367,0.03796409320559102,1.3128081342718911,-0.0816576288052413
2024-09-30,inverse_forecast_vol,25,-4.7095556466852234e-05,-0.0003694900389353828,0.12896386661248682,1.3123230647432442,-0.08199694716373018
2024-10-31,inverse_forecast_vol,25,-0.09716882456876666,-0.09744591781841516,0.12276636305396288,1.1844425392250633,-0.17145259720746753
2024-11-30,inverse_forecast_vol,25,0.1023148086643055,0.10208940359218044,0.08179335716198816,1.3053615716437577,-0.08686668700852795
2024-12-31,inverse_forecast_vol,25,0.024742044016243303,0.024560821382069387,0.07073883041381218,1.3374223240439174,-0.06443938281012707
2024-01-31,inverse_forecast_vol,50,0.10913213553803133,0.103586474860341,0.9999999999999999,1.103586474860341,0.0
2024-02-29,inverse_forecast_vol,50,0.09170612127391906,0.09145097535997415,0.04674260022413851,1.2045105343803948,0.0
2024-03-31,inverse_forecast_vol,50,0.01678366973628485,0.016633990148191335,0.02944177656440694,1.224546350742671,0.0
2024-04-30,inverse_forecast_vol,50,0.11586520946808468,0.1154003357919966,0.08332075812450623,1.3658594108112394,0.0
2024-05-31,inverse_forecast_vol,50,0.035124680199417314,0.0350776642053352,0.009084121938453815,1.413770568575373,0.0
2024-06-30,inverse_forecast_vol,50,0.008778013015224718,0.007613159650782908,0.23094344829343666,1.4245338296235155,0.0
2024-07-31,inverse_forecast_vol,50,-0.009591974393648044,-0.009987262503113437,0.07982328479687045,1.4103066363224999,-0.009987262503113548
2024-08-31,inverse_forecast_vol,50,-0.07249049629511735,-0.07266655658135601,0.03796409320559102,1.307824509337109,-0.08192807910869415
2024-09-30,inverse_forecast_vol,50,-4.7095556466852234e-05,-0.000691884521404007,0.12896386661248682,1.306919645802386,-0.08256327886029446
2024-10-31,inverse_forecast_vol,50,-0.09716882456876666,-0.0977230110680638,0.12276636305396288,1.1792035227905693,-0.17221795771447812
2024-11-30,inverse_forecast_vol,50,0.1023148086643055,0.10186399852005534,0.08179335716198816,1.299321908690952,-0.08789676898417731
2024-12-31,inverse_forecast_vol,50,0.024742044016243303,0.024379598747895415,0.07073883041381218,1.330998855469187,-0.06566005819535259
2024-01-31,equal_weight,0,0.10756617241821159,0.10756617241821154,1.0,1.1075661724182115,0.0
2024-02-29,equal_weight,0,0.08475968178686875,0.08475968178686877,0.009360664395395457,1.2014431287502794,0.0
2024-03-31,equal_weight,0,0.029691097058790798,0.029691097058790694,0.03094734202345717,1.2371152932966212,0.0
2024-04-30,equal_weight,0,0.1356749615801921,0.1356749615801922,0.0605820689253988,1.4049608631849084,0.0
2024-05-31,equal_weight,0,0.046616671922036154,0.046616671922036224,0.07534524280624005,1.4704554628073,0.0
2024-06-30,equal_weight,0,0.00776061815807565,0.007760618158075605,0.07327286294426455,1.4818671061726039,0.0
2024-07-31,equal_weight,0,-0.0144449709521188,-0.01444497095211883,0.003273822844424623,1.4604615788690403,-0.01444497095211883
2024-08-31,equal_weight,0,-0.06970728750795535,-0.0697072875079554,0.02126963080659705,1.3586567636964937,-0.08314533871687069
2024-09-30,equal_weight,0,0.0064911484526412495,0.0064911484526413155,0.010334046732117519,1.367476006445833,-0.07719389900098572
2024-10-31,equal_weight,0,-0.10950189114099645,-0.1095018911409964,0.04300767773682379,1.2177347976500768,-0.1782429122168272
2024-11-30,equal_weight,0,0.11405683146451635,0.11405683146451628,0.05982310092691745,1.3566257702341284,-0.08451590255077002
2024-12-31,equal_weight,0,0.02586694025227715,0.025866940252277093,0.05127404945996278,1.391717527977474,-0.060835130100140966
2024-01-31,equal_weight,10,0.10756617241821159,0.10645860624579329,1.0,1.1064586062457933,0.0
2024-02-29,equal_weight,10,0.08475968178686875,0.0847495277155379,0.009360664395395457,1.2002304505619166,0.0
2024-03-31,equal_weight,10,0.029691097058790798,0.029659230856231567,0.03094734202345717,1.2358283625758113,0.0
2024-04-30,equal_weight,10,0.1356749615801921,0.13560616004139292,0.0605820689253988,1.4034143012949594,0.0
2024-05-31,equal_weight,10,0.046616671922036154,0.046537814334765226,0.07534524280624005,1.4687261354833785,0.0
2024-06-30,equal_weight,10,0.00776061815807565,0.007686776652420679,0.07327286294426455,1.4800159052504123,0.0
2024-07-31,equal_weight,10,-0.0144449709521188,-0.014448197484687286,0.003273822844424623,1.458632343170876,-0.014448197484687286
2024-08-31,equal_weight,10,-0.06970728750795535,-0.0697270744904922,0.02126963080659705,1.3569261771243593,-0.08316784143291134
2024-09-30,equal_weight,10,0.0064911484526412495,0.006480747326077729,0.010334046732117519,1.3657200728184429,-0.0772260838728156
2024-10-31,equal_weight,10,-0.10950189114099645,-0.10954018939668742,0.04300767773682379,1.216118837379053,-0.17830691341571026
2024-11-30,equal_weight,10,0.11405683146451635,0.11399018513024939,0.05982310092691745,1.3547444487922748,-0.08464196635572108
2024-12-31,equal_weight,10,0.02586694025227715,0.025814339900043226,0.05127404945996278,1.3897162824710954,-0.061012602944992445
2024-01-31,equal_weight,25,0.10756617241821159,0.10479725698716602,1.0,1.104797256987166,0.0
2024-02-29,equal_weight,25,0.08475968178686875,0.08473429660854159,0.009360664395395457,1.1984114754530197,0.0
2024-03-31,equal_weight,25,0.029691097058790798,0.029611431552392764,0.03094734202345717,1.2338981548299988,0.0
2024-04-30,equal_weight,25,0.1356749615801921,0.13550295773319387,0.0605820689253988,1.401095004350994,0.0
2024-05-31,equal_weight,25,0.046616671922036154,0.04641952795385862,0.07534524280624005,1.4661331730714766,0.0
2024-06-30,equal_weight,25,0.00776061815807565,0.007576014393938291,0.07327286294426455,1.4772406190940965,0.0
2024-07-31,equal_weight,25,-0.0144449709521188,-0.014453037283540193,0.003273822844424623,1.4558900053495696,-0.014453037283540193
2024-08-31,equal_weight,25,-0.06970728750795535,-0.06975675496429734,0.02126963080659705,1.3543318429914302,-0.08320159526755977
2024-09-30,equal_weight,25,0.0064911484526412495,0.00646514563623235,0.010334046732117519,1.3630877955961567,-0.07727436006189903
2024-10-31,equal_weight,25,-0.10950189114099645,-0.10959763678022405,0.04300767773682379,1.2136965944748528,-0.17840290959563487
2024-11-30,equal_weight,25,0.11405683146451635,0.11389021562884882,0.05982310092691745,1.3519247613275933,-0.08483103980944684
2024-12-31,equal_weight,25,0.02586694025227715,0.025735439371692648,0.05127404945996278,1.3867171390578297,-0.0612787645196079
2024-01-31,equal_weight,50,0.10756617241821159,0.1020283415561205,1.0,1.1020283415561205,0.0
2024-02-29,equal_weight,50,0.08475968178686875,0.08470891143021442,0.009360664395395457,1.195379962734584,0.0
2024-03-31,equal_weight,50,0.029691097058790798,0.029531766045994834,0.03094734202345717,1.2306816441301318,0.0
2024-04-30,equal_weight,50,0.1356749615801921,0.13533095388619576,0.0605820689253988,1.3972309649604944,0.0
2024-05-31,equal_weight,50,0.046616671922036154,0.04622238398568124,0.07534524280624005,1.4618143111395823,0.0
2024-06-30,equal_weight,50,0.00776061815807565,0.007391410629800976,0.07327286294426455,1.4726191809777345,0.0
2024-07-31,equal_weight,50,-0.0144449709521188,-0.014461103614961446,0.003273822844424623,1.4513234824162358,-0.014461103614961446
2024-08-31,equal_weight,50,-0.06970728750795535,-0.06980622242063927,0.02126963080659705,1.3500120725983913,-0.08325785102020677
2024-09-30,equal_weight,50,0.0064911484526412495,0.006439142819823385,0.010334046732117519,1.358704993142338,-0.0773548173939741
2024-10-31,equal_weight,50,-0.10950189114099645,-0.1096933824194517,0.04300767773682379,1.2096640467343571,-0.1785628882470418
2024-11-30,equal_weight,50,0.11405683146451635,0.11372359979318114,0.05982310092691745,1.3472313966693752,-0.08514610289478164
2024-12-31,equal_weight,50,0.02586694025227715,0.02560393849110798,0.05127404945996278,1.3817258264829875,-0.06172223998494919
